laccase,host,branch_length,ph_optima,ph_scale,dmp_docking,n_glyco,Ala_freq,Arg_freq,Asn_freq,Asp_freq,Cys_freq,Gln_freq,Glu_freq,Gly_freq,His_freq,Ile_freq,Leu_freq,Lys_freq,Met_freq,Phe_freq,Pro_freq,Ser_freq,Thr_freq,Trp_freq,Tyr_freq,Val_freq,mol_weight,pi,num_acidic_residues,num_basic_residues
LeLcc4A,Lentinula edodes,0.0030017,2.5,acidic,NA,1,0.080078125,0.029296875,0.076171875,0.060546875,0.009765625,0.044921875,0.0234375,0.087890625,0.03515625,0.056640625,0.07421875,0.017578125,0.01171875,0.046875,0.08203125,0.064453125,0.06640625,0.013671875,0.0390625,0.080078125,55416.2588,5.22420826,43,42
LeLcc5,Lentinula edodes,0.004746559,2.5,acidic,NA,1,0.093117409,0.028340081,0.056680162,0.08097166,0.010121457,0.026315789,0.038461538,0.089068826,0.028340081,0.050607287,0.085020243,0.004048583,0.008097166,0.046558704,0.052631579,0.072874494,0.093117409,0.018218623,0.038461538,0.078947368,53037.8663,4.190818596,59,30
Traci1_1498596,Trametes cingulata,0.066910351,3,acidic,1,1,0.070422535,0.030181087,0.076458753,0.068410463,0.010060362,0.032193159,0.026156942,0.086519115,0.048289738,0.06639839,0.084507042,0.030181087,0.006036217,0.048289738,0.078470825,0.032193159,0.080482897,0.018108652,0.030181087,0.076458753,54536.7249,5.710579491,47,54
Ganoderma0814_lcc1,Ganoderma fornicatum,0.022168895,3,acidic,NA,1,0.098,0.032,0.068,0.068,0.01,0.04,0.02,0.074,0.034,0.048,0.074,0.022,0.008,0.054,0.074,0.058,0.086,0.016,0.032,0.084,54144.878,5.309978294,44,44
LacA,Cerrena sp.,0.095470656,3,acidic,NA,0,0.082828283,0.028282828,0.076767677,0.066666667,0.01010101,0.032323232,0.016161616,0.096969697,0.034343434,0.058585859,0.078787879,0.026262626,0.004040404,0.044444444,0.072727273,0.052525253,0.084848485,0.016161616,0.028282828,0.088888889,52924.6773,5.549384117,41,44
LeLcc7,Lentinula edodes,0.000000005,3,acidic,NA,1,0.060263653,0.041431262,0.054613936,0.071563089,0.011299435,0.037664783,0.026365348,0.094161959,0.037664783,0.052730697,0.086629002,0.028248588,0.011299435,0.043314501,0.06779661,0.077212806,0.062146893,0.009416196,0.037664783,0.088512241,57720.1145,5.677101326,52,57
TpLap2,Trametes pubescens,0.012824836,3,acidic,NA,1,0.100200401,0.026052104,0.074148297,0.074148297,0.01002004,0.036072144,0.014028056,0.080160321,0.03006012,0.062124248,0.066132265,0.012024048,0.006012024,0.06012024,0.078156313,0.072144289,0.074148297,0.014028056,0.03006012,0.080160321,53346.6834,4.626091576,44,34
CerrenaWR1_lcc3,Cerrena sp.,0.094296122,3.5,acidic,NA,0,0.074747475,0.026262626,0.074747475,0.070707071,0.01010101,0.04040404,0.018181818,0.090909091,0.034343434,0.058585859,0.088888889,0.014141414,0.004040404,0.044444444,0.076767677,0.048484848,0.096969697,0.016161616,0.028282828,0.082828283,53196.7895,4.8035429,44,37
GlLac,Ganoderma lucidum,0.000000005,3.5,acidic,NA,1,0.092184369,0.03006012,0.072144289,0.066132265,0.01002004,0.044088176,0.014028056,0.082164329,0.036072144,0.058116232,0.072144289,0.018036072,0.006012024,0.06012024,0.068136273,0.068136273,0.086172345,0.016032064,0.032064128,0.068136273,53980.4414,5.432523155,40,42
Lac1,Cerrena sp.,0.000000005,3.5,acidic,NA,1,0.076458753,0.030181087,0.062374245,0.072434608,0.010060362,0.040241449,0.028169014,0.086519115,0.040241449,0.060362173,0.080482897,0.034205231,0.010060362,0.050301811,0.084507042,0.048289738,0.062374245,0.016096579,0.026156942,0.080482897,54138.3458,5.456963921,50,52
Lcc3,Lentinus sp.,0.077984127,3.5,acidic,NA,1,0.092,0.03,0.076,0.078,0.01,0.036,0.01,0.068,0.032,0.05,0.072,0.01,0.012,0.052,0.086,0.064,0.09,0.016,0.032,0.084,53989.4997,4.711236382,44,36
Lcc4,Lentinus sp.,0.000000005,3.5,acidic,NA,1,0.096,0.032,0.062,0.07,0.01,0.024,0.024,0.082,0.038,0.046,0.076,0.022,0.004,0.06,0.082,0.068,0.074,0.016,0.03,0.084,53815.438,5.230574226,47,46
OrLac1,Obba rivulosa,0.046679687,3.5,acidic,NA,1,0.090361446,0.02811245,0.080321285,0.074297189,0.010040161,0.03815261,0.018072289,0.080321285,0.030120482,0.062248996,0.076305221,0.006024096,0.012048193,0.052208835,0.074297189,0.060240964,0.088353414,0.018072289,0.030120482,0.070281124,53730.1064,4.480526924,46,32
OrLac2,Obba rivulosa,0.001527346,3.5,acidic,NA,1,0.09054326,0.026156942,0.056338028,0.09054326,0.010060362,0.030181087,0.028169014,0.08249497,0.028169014,0.056338028,0.080482897,0.004024145,0.006036217,0.048289738,0.064386318,0.07444668,0.100603622,0.016096579,0.032193159,0.07444668,53154.9022,4.127443123,59,29
PsLac2,Pleurotus sapidus,0.006259072,3.5,acidic,NA,0,0.067729084,0.043824701,0.065737052,0.073705179,0.009960159,0.045816733,0.029880478,0.079681275,0.039840637,0.079681275,0.071713147,0.023904382,0.009960159,0.055776892,0.085657371,0.047808765,0.067729084,0.013944223,0.027888446,0.059760956,55498.6601,5.46600132,52,54
SmL,Steccherinum murashkinskyi,0.182829283,3.5,acidic,NA,1,0.087286528,0.030360531,0.066413662,0.072106262,0.015180266,0.05313093,0.018975332,0.089184061,0.032258065,0.072106262,0.072106262,0.003795066,0.0056926,0.05313093,0.075901328,0.062618596,0.081593928,0.017077799,0.024667932,0.066413662,56613.291,4.551575661,48,35
TvLacIIIb,Trametes versicolor,0.001529495,3.5,acidic,NA,1,0.104208417,0.03006012,0.068136273,0.076152305,0.01002004,0.032064128,0.014028056,0.080160321,0.032064128,0.058116232,0.064128257,0.01002004,0.008016032,0.06012024,0.080160321,0.070140281,0.078156313,0.014028056,0.03006012,0.080160321,53330.6677,4.68599987,45,36
Cersu1_88089,Gelatoporia subvermispora,0.057372302,4,acidic,1,1,0.092555332,0.034205231,0.070422535,0.064386318,0.010060362,0.046277666,0.024144869,0.084507042,0.036217304,0.06639839,0.076458753,0.006036217,0.010060362,0.050301811,0.080482897,0.058350101,0.07444668,0.018108652,0.030181087,0.06639839,53795.3951,4.885504723,44,38
Crula1_378411,Crucibulum laeve,0.144860031,4,acidic,1,1,0.066536204,0.039138943,0.074363992,0.056751468,0.009784736,0.033268102,0.015655577,0.082191781,0.035225049,0.078277886,0.082191781,0.029354207,0.003913894,0.031311155,0.084148728,0.086105675,0.066536204,0.01369863,0.037181996,0.074363992,55257.6022,6.795578957,37,53
Jaaar1_175905,Jaapia argillacea,0.304438769,4,acidic,1,1,0.05973025,0.040462428,0.075144509,0.065510597,0.013487476,0.028901734,0.023121387,0.090558767,0.032755299,0.065510597,0.086705202,0.013487476,0.001926782,0.034682081,0.08477842,0.071290944,0.06743738,0.015414258,0.044315992,0.08477842,56325.3615,5.250354195,46,45
Panru1_1594824,Panus rudis,0.199622702,4,acidic,1,0,0.060483871,0.038306452,0.060483871,0.072580645,0.010080645,0.032258065,0.026209677,0.088709677,0.040322581,0.068548387,0.076612903,0.038306452,0.006048387,0.050403226,0.086693548,0.054435484,0.066532258,0.016129032,0.030241935,0.076612903,54404.6904,5.962262535,49,58
Panru1_1700279,Panus rudis,0.074693865,4,acidic,1,1,0.077669903,0.033009709,0.073786408,0.06407767,0.009708738,0.033009709,0.019417476,0.085436893,0.038834951,0.06407767,0.069902913,0.034951456,0.009708738,0.05631068,0.089320388,0.044660194,0.067961165,0.013592233,0.027184466,0.087378641,55984.664,6.188936424,43,55
Pycci1_4273,Pycnoporus cinnabarinus,0.001520101,4,acidic,1,1,0.068410463,0.032193159,0.056338028,0.058350101,0.010060362,0.044265594,0.036217304,0.078470825,0.052313883,0.048289738,0.088531187,0.036217304,0.016096579,0.038229376,0.07444668,0.068410463,0.060362173,0.018108652,0.026156942,0.088531187,54508.8746,6.028934669,47,60
Crula1_765906,Crucibulum laeve,0.000000005,4,acidic,5,1,0.074656189,0.04518664,0.055009823,0.064833006,0.009823183,0.031434185,0.029469548,0.094302554,0.041257367,0.086444008,0.068762279,0.021611002,0.007858546,0.039292731,0.094302554,0.070726916,0.055009823,0.013752456,0.031434185,0.064833006,55055.2738,5.789415169,48,55
CbLac,Cyathus bulleri,0.000000005,4,acidic,NA,0,0.078470825,0.026156942,0.064386318,0.076458753,0.010060362,0.026156942,0.016096579,0.092555332,0.038229376,0.058350101,0.072434608,0.018108652,0.006036217,0.046277666,0.092555332,0.062374245,0.086519115,0.016096579,0.028169014,0.084507042,53028.5338,4.923586845,46,41
Cerrena_LacA,Cerrena sp.,0.095470656,4,acidic,NA,0,0.082828283,0.028282828,0.076767677,0.066666667,0.01010101,0.032323232,0.016161616,0.096969697,0.034343434,0.058585859,0.078787879,0.026262626,0.004040404,0.044444444,0.072727273,0.052525253,0.084848485,0.016161616,0.028282828,0.088888889,52924.6773,5.549384117,41,44
MaL,Melanocarpus albomyces,NA,4,acidic,NA,1,0.062611807,0.044722719,0.075134168,0.084078712,0.012522361,0.032200358,0.026833631,0.082289803,0.035778175,0.046511628,0.069767442,0.016100179,0.01431127,0.037567084,0.082289803,0.048300537,0.073345259,0.02862254,0.033989267,0.093023256,61791.1029,4.91153698,62,54
PM1_lcc,Basidiomycete PM1,0.000000006,4.5,acidic,NA,1,0.094758065,0.032258065,0.054435484,0.080645161,0.010080645,0.038306452,0.014112903,0.076612903,0.036290323,0.050403226,0.078629032,0.014112903,0.008064516,0.050403226,0.080645161,0.078629032,0.080645161,0.014112903,0.030241935,0.076612903,53218.5836,4.865611076,47,41
PoxA1b,Pleurotus ostreatus,0.014019125,4.5,acidic,NA,1,0.07797271,0.038986355,0.074074074,0.064327485,0.009746589,0.031189084,0.021442495,0.085769981,0.040935673,0.052631579,0.081871345,0.031189084,0.011695906,0.04288499,0.085769981,0.058479532,0.06042885,0.015594542,0.037037037,0.07797271,55953.296,6.212069893,44,57
CcLac3,Coprinus comatus,0.152124667,5,acidic,NA,0,0.060329068,0.038391225,0.062157221,0.067641682,0.009140768,0.036563071,0.040219378,0.078610603,0.031078611,0.047531993,0.096892139,0.031078611,0.012797075,0.038391225,0.084095064,0.060329068,0.063985375,0.014625229,0.034734918,0.091407678,60037.9963,5.161685371,59,55
CcLac4,Coprinus comatus,0.132905502,5,acidic,NA,0,0.054263566,0.044573643,0.060077519,0.060077519,0.009689922,0.034883721,0.042635659,0.089147287,0.03875969,0.054263566,0.075581395,0.031007752,0.007751938,0.036821705,0.081395349,0.065891473,0.075581395,0.013565891,0.034883721,0.089147287,56471.5853,5.765770149,53,59
TsLac1,Trametes sp.,0.001549718,5,acidic,NA,1,0.094758065,0.032258065,0.052419355,0.080645161,0.010080645,0.038306452,0.014112903,0.076612903,0.036290323,0.050403226,0.078629032,0.014112903,0.008064516,0.050403226,0.080645161,0.080645161,0.080645161,0.014112903,0.030241935,0.076612903,53191.5583,4.865611076,47,41
TvLac1,Trametes villosa,0.004598752,5,acidic,NA,1,0.100200401,0.028056112,0.068136273,0.076152305,0.01002004,0.032064128,0.014028056,0.080160321,0.032064128,0.058116232,0.064128257,0.01002004,0.008016032,0.06012024,0.080160321,0.070140281,0.082164329,0.014028056,0.03006012,0.082164329,53333.665,4.634503746,45,35
TvLac2,Trametes villosa,0.001635342,5,acidic,NA,1,0.104208417,0.032064128,0.062124248,0.058116232,0.01002004,0.034068136,0.016032064,0.078156313,0.04008016,0.054108216,0.078156313,0.018036072,0.004008016,0.058116232,0.086172345,0.062124248,0.076152305,0.014028056,0.03006012,0.084168337,53566.614,5.867341423,37,45
Earsca1_643866,Earliella scabrosa,0.134944628,5.5,acidic,29,1,0.088114754,0.038934426,0.05942623,0.067622951,0.010245902,0.045081967,0.026639344,0.094262295,0.030737705,0.057377049,0.077868852,0.010245902,0.016393443,0.049180328,0.071721311,0.057377049,0.079918033,0.014344262,0.032786885,0.071721311,52698.3174,4.863110161,46,39
MaL_M1,Melanocarpus albomyces,NA,6,acidic,NA,1,0.062611807,0.044722719,0.075134168,0.084078712,0.012522361,0.032200358,0.02862254,0.082289803,0.035778175,0.046511628,0.066189624,0.016100179,0.016100179,0.037567084,0.082289803,0.048300537,0.073345259,0.02862254,0.033989267,0.093023256,61825.0977,4.878286171,63,54
PeL3,Pleurotus eryngii,0.002727523,6,acidic,NA,1,0.102362205,0.031496063,0.06496063,0.07480315,0.00984252,0.025590551,0.023622047,0.080708661,0.027559055,0.066929134,0.070866142,0.013779528,0.00984252,0.051181102,0.080708661,0.080708661,0.062992126,0.015748031,0.027559055,0.078740157,54168.8581,4.593522835,50,37
TsLac2,Trametes sp.,0.078398946,6,acidic,NA,1,0.091089109,0.031683168,0.079207921,0.079207921,0.00990099,0.031683168,0.027722772,0.079207921,0.027722772,0.045544554,0.063366337,0.011881188,0.00990099,0.053465347,0.071287129,0.069306931,0.077227723,0.015841584,0.037623762,0.087128713,54590.563,4.453585243,54,36
Ccinerea_lcc9,Coprinopsis cinerea,0.000000005,6.5,mildly_acidic,NA,1,0.073267327,0.047524752,0.077227723,0.055445545,0.00990099,0.02970297,0.035643564,0.091089109,0.037623762,0.057425743,0.063366337,0.00990099,0.017821782,0.043564356,0.099009901,0.071287129,0.053465347,0.015841584,0.025742574,0.085148515,54616.4886,5.478108025,46,48
CcLcc1,Coprinopsis cinerea,0.000000005,6.5,mildly_acidic,NA,1,0.092130518,0.044145873,0.071017274,0.065259117,0.009596929,0.038387716,0.038387716,0.094049904,0.03646833,0.053742802,0.076775432,0.015355086,0.013435701,0.046065259,0.074856046,0.049904031,0.061420345,0.015355086,0.028790787,0.074856046,56479.3843,5.11450901,54,50
Pox2,Pleurotus ostreatus,0.007684448,6.5,mildly_acidic,NA,1,0.094117647,0.02745098,0.064705882,0.070588235,0.009803922,0.023529412,0.025490196,0.080392157,0.02745098,0.064705882,0.074509804,0.011764706,0.009803922,0.049019608,0.084313725,0.078431373,0.078431373,0.015686275,0.029411765,0.080392157,54359.0851,4.50832119,49,34
Copmar1_511451,Coprinopsis marcescibilis,0.202584488,7,neutral,0,1,0.064579256,0.048923679,0.054794521,0.052837573,0.009784736,0.04109589,0.039138943,0.1037182,0.039138943,0.068493151,0.062622309,0.015655577,0.017612524,0.039138943,0.084148728,0.074363992,0.066536204,0.017612524,0.025440313,0.074363992,55343.3936,5.753947639,47,53
Amath1_9610,Amanita thiersii,0.21778302,7,neutral,4,1,0.056420233,0.046692607,0.052529183,0.06614786,0.011673152,0.046692607,0.027237354,0.089494163,0.035019455,0.044747082,0.079766537,0.03307393,0.017509728,0.036964981,0.083657588,0.068093385,0.064202335,0.017509728,0.035019455,0.087548638,56447.9656,6.217526436,48,59
Copph3_744923,Coprinopsis sp.,0.000000005,7,neutral,4,1,0.088461538,0.051923077,0.073076923,0.048076923,0.009615385,0.021153846,0.046153846,0.086538462,0.038461538,0.042307692,0.090384615,0.023076923,0.017307692,0.046153846,0.078846154,0.057692308,0.055769231,0.013461538,0.030769231,0.080769231,56714.3376,6.049396706,49,59
TcLac4,Thanatephorus cucumeris,0.077930686,7,neutral,NA,1,0.088062622,0.056751468,0.064579256,0.050880626,0.007827789,0.02739726,0.02739726,0.080234834,0.043052838,0.058708415,0.076320939,0.02739726,0.011741683,0.033268102,0.084148728,0.062622309,0.072407045,0.01369863,0.031311155,0.082191781,55546.1398,8.566510582,40,65
CotA,Bacillus subtilis,NA,7.3,mildly_alkaline,NA,1,0.052631579,0.056530214,0.048732943,0.056530214,0.007797271,0.031189084,0.068226121,0.070175439,0.04288499,0.056530214,0.079922027,0.048732943,0.015594542,0.031189084,0.089668616,0.052631579,0.06042885,0.01754386,0.050682261,0.062378168,58282.0235,6.126356697,64,76
MrLac,Myrothecium roridum,NA,7.4,mildly_alkaline,NA,1,0.070780399,0.025408348,0.049001815,0.09800363,0.012704174,0.036297641,0.045372051,0.070780399,0.029038113,0.056261343,0.059891107,0.010889292,0.021778584,0.02722323,0.039927405,0.099818512,0.09800363,0.029038113,0.047186933,0.072595281,60569.3841,4.094078636,79,36
PIE5,Coprinopsis cinerea,0.004664817,8,alkaline,NA,1,0.073267327,0.047524752,0.075247525,0.057425743,0.00990099,0.02970297,0.033663366,0.091089109,0.037623762,0.055445545,0.063366337,0.011881188,0.017821782,0.043564356,0.099009901,0.071287129,0.055445545,0.015841584,0.025742574,0.085148515,54604.478,5.5492136,46,49
LccA,Haloferax volcanii,NA,8.4,alkaline,NA,0,0.056569343,0.049270073,0.034671533,0.085766423,0.001824818,0.027372263,0.089416058,0.096715328,0.03649635,0.027372263,0.093065693,0.00729927,0.01459854,0.040145985,0.087591241,0.054744526,0.076642336,0.01459854,0.027372263,0.078467153,60122.2781,4.306485939,96,51
ScLac,Streptomyces coelicolor,NA,9,alkaline,NA,1,0.076677316,0.051118211,0.028753994,0.067092652,0.003194888,0.009584665,0.060702875,0.146964856,0.076677316,0.051118211,0.03514377,0.041533546,0.031948882,0.025559105,0.057507987,0.038338658,0.083067093,0.015974441,0.03514377,0.063897764,33864.1372,6.094754219,40,53
SgfSL,Streptomyces griseoflavus,NA,9,alkaline,NA,0,0.081911263,0.051194539,0.034129693,0.061433447,0.006825939,0.020477816,0.058020478,0.14334471,0.071672355,0.04778157,0.040955631,0.027303754,0.034129693,0.023890785,0.058020478,0.037542662,0.075085324,0.017064846,0.037542662,0.071672355,31675.8013,5.920088005,35,44
Panru1_1686772,Panus rudis,0.205598765,10.5,alkaline,1,0,0.070564516,0.040322581,0.044354839,0.072580645,0.010080645,0.026209677,0.024193548,0.08266129,0.044354839,0.064516129,0.088709677,0.026209677,0.008064516,0.040322581,0.076612903,0.088709677,0.060483871,0.014112903,0.032258065,0.084677419,53736.9052,5.757528496,48,55
Fibsp1_910643,Fibulorhizoctonia psychrophila,0.000000005,11,alkaline,1,1,0.095427435,0.02584493,0.073558648,0.067594433,0.009940358,0.027833002,0.029821074,0.099403579,0.027833002,0.059642147,0.085487078,0.003976143,0.011928429,0.041749503,0.065606362,0.065606362,0.089463221,0.015904573,0.035785288,0.067594433,53433.6389,4.332404518,49,29
Phlcen1_10631,Phlebia centrifuga,0.189612525,11,alkaline,1,1,0.085657371,0.025896414,0.06374502,0.067729084,0.009960159,0.027888446,0.043824701,0.087649402,0.029880478,0.059760956,0.079681275,0.009960159,0.017928287,0.037848606,0.085657371,0.06374502,0.069721116,0.015936255,0.049800797,0.067729084,54365.8985,4.363097572,56,33
Tramey1_100135,Trametes meyenii,0.149608832,11,alkaline,1,1,0.080321285,0.042168675,0.054216867,0.068273092,0.010040161,0.030120482,0.02811245,0.074297189,0.036144578,0.048192771,0.084337349,0.022088353,0.012048193,0.050200803,0.086345382,0.058232932,0.072289157,0.014056225,0.03815261,0.090361446,54509.8355,5.487031746,48,50
